"","choice","income","price"
"1","macbook",70000,749
"2","surface",70000,749
"3","surface",70000,749
"4","surface",70000,749
"5","surface",70000,749
"6","surface",70000,749
"7","macbook",70000,749
"8","surface",70000,749
"9","surface",70000,749
"10","surface",70000,749
"11","surface",70000,749
"12","macbook",70000,749
"13","macbook",70000,749
"14","surface",70000,749
"15","surface",70000,749
"16","surface",70000,749
"17","surface",70000,749
"18","macbook",70000,749
"19","surface",70000,749
"20","surface",70000,749
"21","macbook",70000,749
"22","surface",70000,749
"23","surface",70000,749
"24","surface",70000,749
"25","macbook",70000,749
"26","surface",70000,749
"27","surface",70000,749
"28","surface",70000,749
"29","surface",70000,749
"30","surface",70000,749
"31","surface",70000,749
"32","macbook",70000,749
"33","surface",70000,749
"34","surface",70000,749
"35","surface",70000,749
"36","surface",70000,749
"37","surface",70000,749
"38","surface",70000,749
"39","surface",70000,749
"40","macbook",70000,749
"41","surface",70000,749
"42","surface",70000,749
"43","surface",70000,749
"44","surface",70000,749
"45","surface",70000,749
"46","surface",70000,749
"47","surface",70000,749
"48","macbook",70000,749
"49","macbook",70000,749
"50","surface",70000,749
"51","surface",70000,749
"52","surface",70000,749
"53","surface",70000,749
"54","surface",70000,749
"55","surface",70000,749
"56","surface",70000,749
"57","surface",70000,749
"58","macbook",70000,749
"59","Inconclusive",70000,749
"60","surface",70000,749
"61","surface",70000,749
"62","surface",70000,749
"63","surface",70000,749
"64","surface",70000,749
"65","macbook",70000,749
"66","surface",70000,749
"67","macbook",70000,749
"68","surface",70000,749
"69","surface",70000,749
"70","surface",70000,749
"71","surface",70000,749
"72","surface",70000,749
"73","surface",70000,749
"74","macbook",70000,749
"75","surface",70000,749
"76","surface",70000,749
"77","surface",70000,749
"78","surface",70000,749
"79","surface",70000,749
"80","macbook",70000,749
"81","macbook",70000,749
"82","surface",70000,749
"83","surface",70000,749
"84","surface",70000,749
"85","surface",70000,749
"86","surface",70000,749
"87","macbook",70000,749
"88","surface",70000,749
"89","surface",70000,749
"90","surface",70000,749
"91","surface",70000,749
"92","surface",70000,749
"93","surface",70000,749
"94","surface",70000,749
"95","surface",70000,749
"96","surface",70000,749
"97","surface",70000,749
"98","surface",70000,749
"99","surface",70000,749
"100","macbook",70000,749
"101","surface",70000,749
"102","surface",70000,749
"103","surface",70000,749
"104","surface",70000,749
"105","surface",70000,749
"106","surface",70000,749
"107","surface",70000,749
"108","surface",70000,749
"109","surface",70000,749
"110","macbook",70000,749
"111","surface",70000,749
"112","surface",70000,749
"113","surface",70000,749
"114","surface",70000,749
"115","surface",70000,749
"116","surface",70000,749
"117","surface",70000,749
"118","surface",70000,749
"119","surface",70000,749
"120","surface",70000,749
"121","surface",70000,749
"122","surface",70000,749
"123","macbook",70000,749
"124","surface",70000,749
"125","macbook",70000,749
"126","surface",70000,749
"127","surface",70000,749
"128","surface",70000,749
"129","surface",70000,774
"130","macbook",70000,774
"131","macbook",70000,774
"132","surface",70000,774
"133","surface",70000,774
"134","surface",70000,774
"135","macbook",70000,774
"136","surface",70000,774
"137","macbook",70000,774
"138","surface",70000,774
"139","macbook",70000,774
"140","surface",70000,774
"141","macbook",70000,774
"142","surface",70000,774
"143","surface",70000,774
"144","surface",70000,774
"145","macbook",70000,774
"146","surface",70000,774
"147","surface",70000,774
"148","surface",70000,774
"149","macbook",70000,774
"150","surface",70000,774
"151","macbook",70000,774
"152","surface",70000,774
"153","surface",70000,774
"154","surface",70000,774
"155","surface",70000,774
"156","macbook",70000,774
"157","surface",70000,774
"158","surface",70000,774
"159","surface",70000,774
"160","macbook",70000,774
"161","surface",70000,774
"162","surface",70000,774
"163","macbook",70000,774
"164","surface",70000,774
"165","surface",70000,774
"166","surface",70000,774
"167","surface",70000,774
"168","macbook",70000,774
"169","surface",70000,774
"170","surface",70000,774
"171","surface",70000,774
"172","macbook",70000,774
"173","surface",70000,774
"174","surface",70000,774
"175","surface",70000,774
"176","surface",70000,774
"177","surface",70000,774
"178","surface",70000,774
"179","macbook",70000,774
"180","macbook",70000,774
"181","surface",70000,774
"182","surface",70000,774
"183","macbook",70000,774
"184","surface",70000,774
"185","surface",70000,774
"186","surface",70000,774
"187","macbook",70000,774
"188","macbook",70000,774
"189","surface",70000,774
"190","macbook",70000,774
"191","surface",70000,774
"192","surface",70000,774
"193","surface",70000,774
"194","surface",70000,774
"195","surface",70000,774
"196","macbook",70000,774
"197","surface",70000,774
"198","surface",70000,774
"199","surface",70000,774
"200","surface",70000,774
"201","surface",70000,774
"202","surface",70000,774
"203","surface",70000,774
"204","surface",70000,774
"205","macbook",70000,774
"206","surface",70000,774
"207","surface",70000,774
"208","surface",70000,774
"209","surface",70000,774
"210","surface",70000,774
"211","surface",70000,774
"212","surface",70000,774
"213","surface",70000,774
"214","surface",70000,774
"215","surface",70000,774
"216","macbook",70000,774
"217","macbook",70000,774
"218","macbook",70000,774
"219","surface",70000,774
"220","macbook",70000,774
"221","macbook",70000,774
"222","macbook",70000,774
"223","surface",70000,774
"224","surface",70000,774
"225","surface",70000,774
"226","surface",70000,774
"227","surface",70000,774
"228","surface",70000,774
"229","surface",70000,774
"230","surface",70000,774
"231","surface",70000,774
"232","surface",70000,774
"233","macbook",70000,774
"234","surface",70000,774
"235","surface",70000,774
"236","surface",70000,774
"237","surface",70000,774
"238","surface",70000,774
"239","surface",70000,774
"240","surface",70000,774
"241","surface",70000,774
"242","surface",70000,774
"243","surface",70000,774
"244","surface",70000,774
"245","macbook",70000,774
"246","surface",70000,774
"247","surface",70000,774
"248","surface",70000,774
"249","surface",70000,774
"250","macbook",70000,774
"251","surface",70000,774
"252","surface",70000,774
"253","surface",70000,774
"254","macbook",70000,774
"255","surface",70000,774
"256","surface",70000,774
"257","surface",70000,799
"258","surface",70000,799
"259","surface",70000,799
"260","macbook",70000,799
"261","surface",70000,799
"262","surface",70000,799
"263","macbook",70000,799
"264","surface",70000,799
"265","surface",70000,799
"266","surface",70000,799
"267","macbook",70000,799
"268","surface",70000,799
"269","surface",70000,799
"270","surface",70000,799
"271","surface",70000,799
"272","macbook",70000,799
"273","macbook",70000,799
"274","surface",70000,799
"275","surface",70000,799
"276","surface",70000,799
"277","surface",70000,799
"278","surface",70000,799
"279","macbook",70000,799
"280","surface",70000,799
"281","macbook",70000,799
"282","macbook",70000,799
"283","surface",70000,799
"284","macbook",70000,799
"285","surface",70000,799
"286","macbook",70000,799
"287","surface",70000,799
"288","surface",70000,799
"289","surface",70000,799
"290","surface",70000,799
"291","surface",70000,799
"292","macbook",70000,799
"293","surface",70000,799
"294","macbook",70000,799
"295","surface",70000,799
"296","surface",70000,799
"297","surface",70000,799
"298","surface",70000,799
"299","surface",70000,799
"300","macbook",70000,799
"301","surface",70000,799
"302","surface",70000,799
"303","surface",70000,799
"304","surface",70000,799
"305","surface",70000,799
"306","surface",70000,799
"307","surface",70000,799
"308","macbook",70000,799
"309","macbook",70000,799
"310","surface",70000,799
"311","macbook",70000,799
"312","surface",70000,799
"313","surface",70000,799
"314","surface",70000,799
"315","surface",70000,799
"316","surface",70000,799
"317","macbook",70000,799
"318","surface",70000,799
"319","surface",70000,799
"320","surface",70000,799
"321","surface",70000,799
"322","macbook",70000,799
"323","surface",70000,799
"324","surface",70000,799
"325","surface",70000,799
"326","macbook",70000,799
"327","macbook",70000,799
"328","surface",70000,799
"329","surface",70000,799
"330","surface",70000,799
"331","surface",70000,799
"332","macbook",70000,799
"333","surface",70000,799
"334","macbook",70000,799
"335","surface",70000,799
"336","surface",70000,799
"337","macbook",70000,799
"338","surface",70000,799
"339","surface",70000,799
"340","surface",70000,799
"341","surface",70000,799
"342","surface",70000,799
"343","macbook",70000,799
"344","macbook",70000,799
"345","surface",70000,799
"346","surface",70000,799
"347","surface",70000,799
"348","surface",70000,799
"349","surface",70000,799
"350","surface",70000,799
"351","surface",70000,799
"352","surface",70000,799
"353","surface",70000,799
"354","macbook",70000,799
"355","surface",70000,799
"356","surface",70000,799
"357","macbook",70000,799
"358","surface",70000,799
"359","macbook",70000,799
"360","surface",70000,799
"361","surface",70000,799
"362","surface",70000,799
"363","surface",70000,799
"364","macbook",70000,799
"365","surface",70000,799
"366","surface",70000,799
"367","surface",70000,799
"368","macbook",70000,799
"369","surface",70000,799
"370","surface",70000,799
"371","surface",70000,799
"372","surface",70000,799
"373","macbook",70000,799
"374","surface",70000,799
"375","surface",70000,799
"376","macbook",70000,799
"377","surface",70000,799
"378","macbook",70000,799
"379","macbook",70000,799
"380","surface",70000,799
"381","surface",70000,799
"382","surface",70000,799
"383","macbook",70000,799
"384","surface",70000,799
"385","surface",70000,824
"386","surface",70000,824
"387","surface",70000,824
"388","surface",70000,824
"389","surface",70000,824
"390","surface",70000,824
"391","surface",70000,824
"392","surface",70000,824
"393","surface",70000,824
"394","surface",70000,824
"395","surface",70000,824
"396","surface",70000,824
"397","surface",70000,824
"398","surface",70000,824
"399","surface",70000,824
"400","surface",70000,824
"401","macbook",70000,824
"402","surface",70000,824
"403","surface",70000,824
"404","surface",70000,824
"405","surface",70000,824
"406","surface",70000,824
"407","surface",70000,824
"408","macbook",70000,824
"409","surface",70000,824
"410","surface",70000,824
"411","surface",70000,824
"412","surface",70000,824
"413","surface",70000,824
"414","macbook",70000,824
"415","surface",70000,824
"416","macbook",70000,824
"417","macbook",70000,824
"418","surface",70000,824
"419","surface",70000,824
"420","surface",70000,824
"421","macbook",70000,824
"422","surface",70000,824
"423","surface",70000,824
"424","macbook",70000,824
"425","surface",70000,824
"426","surface",70000,824
"427","macbook",70000,824
"428","surface",70000,824
"429","surface",70000,824
"430","macbook",70000,824
"431","surface",70000,824
"432","surface",70000,824
"433","surface",70000,824
"434","surface",70000,824
"435","surface",70000,824
"436","surface",70000,824
"437","surface",70000,824
"438","macbook",70000,824
"439","surface",70000,824
"440","surface",70000,824
"441","surface",70000,824
"442","macbook",70000,824
"443","macbook",70000,824
"444","surface",70000,824
"445","surface",70000,824
"446","macbook",70000,824
"447","surface",70000,824
"448","surface",70000,824
"449","surface",70000,824
"450","surface",70000,824
"451","surface",70000,824
"452","surface",70000,824
"453","surface",70000,824
"454","surface",70000,824
"455","surface",70000,824
"456","macbook",70000,824
"457","macbook",70000,824
"458","surface",70000,824
"459","surface",70000,824
"460","surface",70000,824
"461","surface",70000,824
"462","surface",70000,824
"463","surface",70000,824
"464","surface",70000,824
"465","surface",70000,824
"466","surface",70000,824
"467","surface",70000,824
"468","macbook",70000,824
"469","macbook",70000,824
"470","macbook",70000,824
"471","surface",70000,824
"472","macbook",70000,824
"473","surface",70000,824
"474","surface",70000,824
"475","surface",70000,824
"476","macbook",70000,824
"477","macbook",70000,824
"478","surface",70000,824
"479","surface",70000,824
"480","surface",70000,824
"481","surface",70000,824
"482","surface",70000,824
"483","macbook",70000,824
"484","surface",70000,824
"485","surface",70000,824
"486","surface",70000,824
"487","surface",70000,824
"488","surface",70000,824
"489","macbook",70000,824
"490","surface",70000,824
"491","surface",70000,824
"492","surface",70000,824
"493","macbook",70000,824
"494","macbook",70000,824
"495","surface",70000,824
"496","surface",70000,824
"497","macbook",70000,824
"498","surface",70000,824
"499","surface",70000,824
"500","surface",70000,824
"501","surface",70000,824
"502","surface",70000,824
"503","surface",70000,824
"504","macbook",70000,824
"505","surface",70000,824
"506","surface",70000,824
"507","macbook",70000,824
"508","surface",70000,824
"509","surface",70000,824
"510","surface",70000,824
"511","surface",70000,824
"512","surface",70000,824
"513","surface",70000,849
"514","surface",70000,849
"515","surface",70000,849
"516","macbook",70000,849
"517","surface",70000,849
"518","surface",70000,849
"519","macbook",70000,849
"520","surface",70000,849
"521","surface",70000,849
"522","surface",70000,849
"523","surface",70000,849
"524","surface",70000,849
"525","surface",70000,849
"526","surface",70000,849
"527","surface",70000,849
"528","surface",70000,849
"529","surface",70000,849
"530","surface",70000,849
"531","macbook",70000,849
"532","surface",70000,849
"533","macbook",70000,849
"534","surface",70000,849
"535","macbook",70000,849
"536","surface",70000,849
"537","surface",70000,849
"538","surface",70000,849
"539","surface",70000,849
"540","surface",70000,849
"541","surface",70000,849
"542","surface",70000,849
"543","surface",70000,849
"544","surface",70000,849
"545","surface",70000,849
"546","surface",70000,849
"547","surface",70000,849
"548","surface",70000,849
"549","surface",70000,849
"550","surface",70000,849
"551","surface",70000,849
"552","surface",70000,849
"553","surface",70000,849
"554","surface",70000,849
"555","surface",70000,849
"556","surface",70000,849
"557","surface",70000,849
"558","surface",70000,849
"559","surface",70000,849
"560","macbook",70000,849
"561","surface",70000,849
"562","macbook",70000,849
"563","surface",70000,849
"564","surface",70000,849
"565","surface",70000,849
"566","surface",70000,849
"567","surface",70000,849
"568","macbook",70000,849
"569","surface",70000,849
"570","macbook",70000,849
"571","surface",70000,849
"572","macbook",70000,849
"573","surface",70000,849
"574","surface",70000,849
"575","macbook",70000,849
"576","surface",70000,849
"577","surface",70000,849
"578","surface",70000,849
"579","macbook",70000,849
"580","surface",70000,849
"581","surface",70000,849
"582","surface",70000,849
"583","surface",70000,849
"584","macbook",70000,849
"585","surface",70000,849
"586","surface",70000,849
"587","surface",70000,849
"588","surface",70000,849
"589","surface",70000,849
"590","surface",70000,849
"591","surface",70000,849
"592","surface",70000,849
"593","surface",70000,849
"594","surface",70000,849
"595","surface",70000,849
"596","surface",70000,849
"597","macbook",70000,849
"598","surface",70000,849
"599","surface",70000,849
"600","macbook",70000,849
"601","surface",70000,849
"602","macbook",70000,849
"603","surface",70000,849
"604","surface",70000,849
"605","surface",70000,849
"606","macbook",70000,849
"607","surface",70000,849
"608","surface",70000,849
"609","surface",70000,849
"610","surface",70000,849
"611","surface",70000,849
"612","surface",70000,849
"613","surface",70000,849
"614","macbook",70000,849
"615","surface",70000,849
"616","surface",70000,849
"617","macbook",70000,849
"618","macbook",70000,849
"619","surface",70000,849
"620","macbook",70000,849
"621","surface",70000,849
"622","surface",70000,849
"623","surface",70000,849
"624","surface",70000,849
"625","macbook",70000,849
"626","surface",70000,849
"627","surface",70000,849
"628","surface",70000,849
"629","macbook",70000,849
"630","surface",70000,849
"631","surface",70000,849
"632","surface",70000,849
"633","surface",70000,849
"634","macbook",70000,849
"635","surface",70000,849
"636","surface",70000,849
"637","surface",70000,849
"638","surface",70000,849
"639","surface",70000,849
"640","surface",70000,849
"641","surface",70000,874
"642","surface",70000,874
"643","surface",70000,874
"644","macbook",70000,874
"645","surface",70000,874
"646","macbook",70000,874
"647","surface",70000,874
"648","surface",70000,874
"649","macbook",70000,874
"650","macbook",70000,874
"651","surface",70000,874
"652","surface",70000,874
"653","macbook",70000,874
"654","surface",70000,874
"655","surface",70000,874
"656","surface",70000,874
"657","surface",70000,874
"658","surface",70000,874
"659","surface",70000,874
"660","macbook",70000,874
"661","macbook",70000,874
"662","surface",70000,874
"663","surface",70000,874
"664","surface",70000,874
"665","surface",70000,874
"666","surface",70000,874
"667","surface",70000,874
"668","surface",70000,874
"669","surface",70000,874
"670","surface",70000,874
"671","surface",70000,874
"672","surface",70000,874
"673","macbook",70000,874
"674","surface",70000,874
"675","surface",70000,874
"676","surface",70000,874
"677","surface",70000,874
"678","surface",70000,874
"679","surface",70000,874
"680","surface",70000,874
"681","surface",70000,874
"682","surface",70000,874
"683","surface",70000,874
"684","surface",70000,874
"685","surface",70000,874
"686","surface",70000,874
"687","macbook",70000,874
"688","surface",70000,874
"689","surface",70000,874
"690","macbook",70000,874
"691","macbook",70000,874
"692","surface",70000,874
"693","surface",70000,874
"694","macbook",70000,874
"695","surface",70000,874
"696","surface",70000,874
"697","macbook",70000,874
"698","surface",70000,874
"699","macbook",70000,874
"700","surface",70000,874
"701","macbook",70000,874
"702","surface",70000,874
"703","macbook",70000,874
"704","macbook",70000,874
"705","surface",70000,874
"706","surface",70000,874
"707","surface",70000,874
"708","macbook",70000,874
"709","surface",70000,874
"710","surface",70000,874
"711","surface",70000,874
"712","surface",70000,874
"713","surface",70000,874
"714","surface",70000,874
"715","surface",70000,874
"716","surface",70000,874
"717","surface",70000,874
"718","surface",70000,874
"719","surface",70000,874
"720","macbook",70000,874
"721","surface",70000,874
"722","surface",70000,874
"723","macbook",70000,874
"724","macbook",70000,874
"725","surface",70000,874
"726","surface",70000,874
"727","surface",70000,874
"728","surface",70000,874
"729","surface",70000,874
"730","macbook",70000,874
"731","macbook",70000,874
"732","surface",70000,874
"733","surface",70000,874
"734","surface",70000,874
"735","macbook",70000,874
"736","surface",70000,874
"737","surface",70000,874
"738","surface",70000,874
"739","surface",70000,874
"740","surface",70000,874
"741","macbook",70000,874
"742","macbook",70000,874
"743","surface",70000,874
"744","surface",70000,874
"745","surface",70000,874
"746","macbook",70000,874
"747","surface",70000,874
"748","surface",70000,874
"749","surface",70000,874
"750","surface",70000,874
"751","macbook",70000,874
"752","surface",70000,874
"753","surface",70000,874
"754","surface",70000,874
"755","surface",70000,874
"756","surface",70000,874
"757","macbook",70000,874
"758","surface",70000,874
"759","surface",70000,874
"760","surface",70000,874
"761","surface",70000,874
"762","surface",70000,874
"763","surface",70000,874
"764","macbook",70000,874
"765","surface",70000,874
"766","surface",70000,874
"767","surface",70000,874
"768","surface",70000,874
"769","surface",70000,899
"770","surface",70000,899
"771","surface",70000,899
"772","macbook",70000,899
"773","macbook",70000,899
"774","surface",70000,899
"775","surface",70000,899
"776","surface",70000,899
"777","surface",70000,899
"778","surface",70000,899
"779","surface",70000,899
"780","macbook",70000,899
"781","surface",70000,899
"782","macbook",70000,899
"783","surface",70000,899
"784","macbook",70000,899
"785","surface",70000,899
"786","surface",70000,899
"787","surface",70000,899
"788","macbook",70000,899
"789","surface",70000,899
"790","macbook",70000,899
"791","surface",70000,899
"792","surface",70000,899
"793","surface",70000,899
"794","surface",70000,899
"795","surface",70000,899
"796","surface",70000,899
"797","surface",70000,899
"798","surface",70000,899
"799","surface",70000,899
"800","surface",70000,899
"801","surface",70000,899
"802","surface",70000,899
"803","macbook",70000,899
"804","macbook",70000,899
"805","surface",70000,899
"806","surface",70000,899
"807","surface",70000,899
"808","macbook",70000,899
"809","surface",70000,899
"810","macbook",70000,899
"811","surface",70000,899
"812","macbook",70000,899
"813","surface",70000,899
"814","surface",70000,899
"815","macbook",70000,899
"816","surface",70000,899
"817","surface",70000,899
"818","surface",70000,899
"819","surface",70000,899
"820","macbook",70000,899
"821","surface",70000,899
"822","macbook",70000,899
"823","surface",70000,899
"824","surface",70000,899
"825","macbook",70000,899
"826","macbook",70000,899
"827","surface",70000,899
"828","macbook",70000,899
"829","macbook",70000,899
"830","macbook",70000,899
"831","macbook",70000,899
"832","surface",70000,899
"833","surface",70000,899
"834","macbook",70000,899
"835","surface",70000,899
"836","macbook",70000,899
"837","macbook",70000,899
"838","surface",70000,899
"839","surface",70000,899
"840","macbook",70000,899
"841","surface",70000,899
"842","surface",70000,899
"843","macbook",70000,899
"844","surface",70000,899
"845","surface",70000,899
"846","surface",70000,899
"847","surface",70000,899
"848","macbook",70000,899
"849","surface",70000,899
"850","surface",70000,899
"851","surface",70000,899
"852","surface",70000,899
"853","surface",70000,899
"854","surface",70000,899
"855","surface",70000,899
"856","surface",70000,899
"857","surface",70000,899
"858","surface",70000,899
"859","surface",70000,899
"860","surface",70000,899
"861","surface",70000,899
"862","surface",70000,899
"863","surface",70000,899
"864","surface",70000,899
"865","surface",70000,899
"866","surface",70000,899
"867","macbook",70000,899
"868","surface",70000,899
"869","macbook",70000,899
"870","surface",70000,899
"871","surface",70000,899
"872","surface",70000,899
"873","surface",70000,899
"874","surface",70000,899
"875","surface",70000,899
"876","surface",70000,899
"877","surface",70000,899
"878","surface",70000,899
"879","surface",70000,899
"880","surface",70000,899
"881","surface",70000,899
"882","surface",70000,899
"883","surface",70000,899
"884","macbook",70000,899
"885","surface",70000,899
"886","surface",70000,899
"887","surface",70000,899
"888","surface",70000,899
"889","surface",70000,899
"890","macbook",70000,899
"891","surface",70000,899
"892","surface",70000,899
"893","surface",70000,899
"894","surface",70000,899
"895","surface",70000,899
"896","surface",70000,899
"897","surface",70000,924
"898","macbook",70000,924
"899","surface",70000,924
"900","surface",70000,924
"901","macbook",70000,924
"902","macbook",70000,924
"903","surface",70000,924
"904","surface",70000,924
"905","macbook",70000,924
"906","surface",70000,924
"907","surface",70000,924
"908","surface",70000,924
"909","surface",70000,924
"910","macbook",70000,924
"911","surface",70000,924
"912","macbook",70000,924
"913","macbook",70000,924
"914","macbook",70000,924
"915","surface",70000,924
"916","macbook",70000,924
"917","surface",70000,924
"918","surface",70000,924
"919","surface",70000,924
"920","macbook",70000,924
"921","surface",70000,924
"922","surface",70000,924
"923","surface",70000,924
"924","macbook",70000,924
"925","surface",70000,924
"926","surface",70000,924
"927","surface",70000,924
"928","macbook",70000,924
"929","surface",70000,924
"930","surface",70000,924
"931","macbook",70000,924
"932","surface",70000,924
"933","surface",70000,924
"934","surface",70000,924
"935","macbook",70000,924
"936","macbook",70000,924
"937","surface",70000,924
"938","surface",70000,924
"939","surface",70000,924
"940","surface",70000,924
"941","macbook",70000,924
"942","macbook",70000,924
"943","surface",70000,924
"944","surface",70000,924
"945","macbook",70000,924
"946","surface",70000,924
"947","surface",70000,924
"948","surface",70000,924
"949","surface",70000,924
"950","surface",70000,924
"951","surface",70000,924
"952","surface",70000,924
"953","macbook",70000,924
"954","surface",70000,924
"955","surface",70000,924
"956","surface",70000,924
"957","surface",70000,924
"958","surface",70000,924
"959","macbook",70000,924
"960","macbook",70000,924
"961","surface",70000,924
"962","surface",70000,924
"963","surface",70000,924
"964","macbook",70000,924
"965","macbook",70000,924
"966","surface",70000,924
"967","surface",70000,924
"968","surface",70000,924
"969","surface",70000,924
"970","macbook",70000,924
"971","surface",70000,924
"972","surface",70000,924
"973","macbook",70000,924
"974","surface",70000,924
"975","surface",70000,924
"976","surface",70000,924
"977","macbook",70000,924
"978","surface",70000,924
"979","macbook",70000,924
"980","surface",70000,924
"981","surface",70000,924
"982","surface",70000,924
"983","surface",70000,924
"984","surface",70000,924
"985","surface",70000,924
"986","surface",70000,924
"987","surface",70000,924
"988","surface",70000,924
"989","surface",70000,924
"990","surface",70000,924
"991","surface",70000,924
"992","macbook",70000,924
"993","surface",70000,924
"994","surface",70000,924
"995","surface",70000,924
"996","macbook",70000,924
"997","surface",70000,924
"998","surface",70000,924
"999","surface",70000,924
"1000","macbook",70000,924
"1001","surface",70000,924
"1002","surface",70000,924
"1003","surface",70000,924
"1004","surface",70000,924
"1005","surface",70000,924
"1006","macbook",70000,924
"1007","surface",70000,924
"1008","macbook",70000,924
"1009","surface",70000,924
"1010","surface",70000,924
"1011","macbook",70000,924
"1012","surface",70000,924
"1013","surface",70000,924
"1014","surface",70000,924
"1015","surface",70000,924
"1016","surface",70000,924
"1017","surface",70000,924
"1018","surface",70000,924
"1019","surface",70000,924
"1020","surface",70000,924
"1021","surface",70000,924
"1022","surface",70000,924
"1023","surface",70000,924
"1024","surface",70000,924
"1025","macbook",70000,949
"1026","macbook",70000,949
"1027","surface",70000,949
"1028","surface",70000,949
"1029","surface",70000,949
"1030","surface",70000,949
"1031","surface",70000,949
"1032","surface",70000,949
"1033","surface",70000,949
"1034","surface",70000,949
"1035","macbook",70000,949
"1036","surface",70000,949
"1037",NA,70000,949
"1038","macbook",70000,949
"1039","surface",70000,949
"1040","surface",70000,949
"1041","surface",70000,949
"1042","surface",70000,949
"1043","surface",70000,949
"1044","surface",70000,949
"1045","surface",70000,949
"1046","surface",70000,949
"1047","surface",70000,949
"1048","surface",70000,949
"1049","macbook",70000,949
"1050","macbook",70000,949
"1051","surface",70000,949
"1052","surface",70000,949
"1053","surface",70000,949
"1054","surface",70000,949
"1055","surface",70000,949
"1056","surface",70000,949
"1057","surface",70000,949
"1058","surface",70000,949
"1059","surface",70000,949
"1060","surface",70000,949
"1061","macbook",70000,949
"1062","macbook",70000,949
"1063","surface",70000,949
"1064","surface",70000,949
"1065","surface",70000,949
"1066","surface",70000,949
"1067","surface",70000,949
"1068","surface",70000,949
"1069","surface",70000,949
"1070","surface",70000,949
"1071","surface",70000,949
"1072","surface",70000,949
"1073","surface",70000,949
"1074","surface",70000,949
"1075","surface",70000,949
"1076","surface",70000,949
"1077","macbook",70000,949
"1078","surface",70000,949
"1079","macbook",70000,949
"1080","surface",70000,949
"1081","surface",70000,949
"1082","surface",70000,949
"1083","surface",70000,949
"1084","surface",70000,949
"1085","surface",70000,949
"1086","surface",70000,949
"1087","surface",70000,949
"1088","macbook",70000,949
"1089","surface",70000,949
"1090","surface",70000,949
"1091","surface",70000,949
"1092","surface",70000,949
"1093","macbook",70000,949
"1094","surface",70000,949
"1095","surface",70000,949
"1096","surface",70000,949
"1097","surface",70000,949
"1098","surface",70000,949
"1099","surface",70000,949
"1100","surface",70000,949
"1101","macbook",70000,949
"1102","surface",70000,949
"1103","surface",70000,949
"1104","surface",70000,949
"1105","surface",70000,949
"1106","surface",70000,949
"1107","surface",70000,949
"1108","surface",70000,949
"1109","macbook",70000,949
"1110","surface",70000,949
"1111","macbook",70000,949
"1112","surface",70000,949
"1113","surface",70000,949
"1114","surface",70000,949
"1115","surface",70000,949
"1116","surface",70000,949
"1117","surface",70000,949
"1118","surface",70000,949
"1119","surface",70000,949
"1120","surface",70000,949
"1121","surface",70000,949
"1122","surface",70000,949
"1123","surface",70000,949
"1124","surface",70000,949
"1125","surface",70000,949
"1126","surface",70000,949
"1127","surface",70000,949
"1128","surface",70000,949
"1129","macbook",70000,949
"1130","surface",70000,949
"1131","surface",70000,949
"1132","surface",70000,949
"1133","surface",70000,949
"1134","surface",70000,949
"1135","surface",70000,949
"1136","surface",70000,949
"1137","surface",70000,949
"1138","surface",70000,949
"1139","surface",70000,949
"1140","surface",70000,949
"1141","surface",70000,949
"1142","macbook",70000,949
"1143","macbook",70000,949
"1144","macbook",70000,949
"1145","macbook",70000,949
"1146","surface",70000,949
"1147","surface",70000,949
"1148","macbook",70000,949
"1149","surface",70000,949
"1150","macbook",70000,949
"1151","surface",70000,949
"1152","surface",70000,949
"1153","surface",70000,974
"1154","surface",70000,974
"1155","surface",70000,974
"1156","macbook",70000,974
"1157","surface",70000,974
"1158","surface",70000,974
"1159","surface",70000,974
"1160","surface",70000,974
"1161","surface",70000,974
"1162","macbook",70000,974
"1163","surface",70000,974
"1164","surface",70000,974
"1165","surface",70000,974
"1166","surface",70000,974
"1167","surface",70000,974
"1168","surface",70000,974
"1169","surface",70000,974
"1170","macbook",70000,974
"1171","surface",70000,974
"1172","surface",70000,974
"1173","surface",70000,974
"1174","macbook",70000,974
"1175","macbook",70000,974
"1176","macbook",70000,974
"1177","surface",70000,974
"1178","surface",70000,974
"1179","surface",70000,974
"1180","surface",70000,974
"1181","surface",70000,974
"1182","macbook",70000,974
"1183","surface",70000,974
"1184","macbook",70000,974
"1185","surface",70000,974
"1186","surface",70000,974
"1187","macbook",70000,974
"1188","surface",70000,974
"1189","macbook",70000,974
"1190","surface",70000,974
"1191","surface",70000,974
"1192","macbook",70000,974
"1193","surface",70000,974
"1194","surface",70000,974
"1195","macbook",70000,974
"1196","surface",70000,974
"1197","surface",70000,974
"1198","surface",70000,974
"1199","surface",70000,974
"1200","surface",70000,974
"1201","surface",70000,974
"1202","surface",70000,974
"1203","macbook",70000,974
"1204","surface",70000,974
"1205","surface",70000,974
"1206","surface",70000,974
"1207","surface",70000,974
"1208","surface",70000,974
"1209","macbook",70000,974
"1210","surface",70000,974
"1211","macbook",70000,974
"1212","surface",70000,974
"1213","macbook",70000,974
"1214","surface",70000,974
"1215","surface",70000,974
"1216","surface",70000,974
"1217","macbook",70000,974
"1218","surface",70000,974
"1219","surface",70000,974
"1220","macbook",70000,974
"1221","macbook",70000,974
"1222","surface",70000,974
"1223","surface",70000,974
"1224","surface",70000,974
"1225","surface",70000,974
"1226","macbook",70000,974
"1227","macbook",70000,974
"1228","surface",70000,974
"1229","macbook",70000,974
"1230","surface",70000,974
"1231","surface",70000,974
"1232","surface",70000,974
"1233","macbook",70000,974
"1234","surface",70000,974
"1235","surface",70000,974
"1236","surface",70000,974
"1237","surface",70000,974
"1238","surface",70000,974
"1239","surface",70000,974
"1240","surface",70000,974
"1241","surface",70000,974
"1242","surface",70000,974
"1243","surface",70000,974
"1244","surface",70000,974
"1245","surface",70000,974
"1246","surface",70000,974
"1247","surface",70000,974
"1248","surface",70000,974
"1249","surface",70000,974
"1250","macbook",70000,974
"1251","surface",70000,974
"1252","surface",70000,974
"1253","surface",70000,974
"1254","surface",70000,974
"1255","surface",70000,974
"1256","surface",70000,974
"1257","surface",70000,974
"1258","surface",70000,974
"1259","surface",70000,974
"1260","surface",70000,974
"1261","surface",70000,974
"1262","surface",70000,974
"1263","macbook",70000,974
"1264","surface",70000,974
"1265","surface",70000,974
"1266","macbook",70000,974
"1267","surface",70000,974
"1268","surface",70000,974
"1269","surface",70000,974
"1270","surface",70000,974
"1271","surface",70000,974
"1272","surface",70000,974
"1273","surface",70000,974
"1274","surface",70000,974
"1275","surface",70000,974
"1276","surface",70000,974
"1277","surface",70000,974
"1278","surface",70000,974
"1279","surface",70000,974
"1280","macbook",70000,974
"1281","surface",70000,999
"1282","surface",70000,999
"1283","surface",70000,999
"1284","macbook",70000,999
"1285","surface",70000,999
"1286","surface",70000,999
"1287","macbook",70000,999
"1288","macbook",70000,999
"1289","surface",70000,999
"1290","surface",70000,999
"1291","surface",70000,999
"1292","surface",70000,999
"1293","macbook",70000,999
"1294","surface",70000,999
"1295","surface",70000,999
"1296","surface",70000,999
"1297","surface",70000,999
"1298","surface",70000,999
"1299","surface",70000,999
"1300","surface",70000,999
"1301","surface",70000,999
"1302","surface",70000,999
"1303","surface",70000,999
"1304","macbook",70000,999
"1305","surface",70000,999
"1306","macbook",70000,999
"1307","surface",70000,999
"1308","surface",70000,999
"1309","surface",70000,999
"1310","surface",70000,999
"1311","surface",70000,999
"1312","macbook",70000,999
"1313","surface",70000,999
"1314","surface",70000,999
"1315","macbook",70000,999
"1316","surface",70000,999
"1317","surface",70000,999
"1318","macbook",70000,999
"1319","macbook",70000,999
"1320","macbook",70000,999
"1321","surface",70000,999
"1322","surface",70000,999
"1323","surface",70000,999
"1324","macbook",70000,999
"1325","surface",70000,999
"1326","surface",70000,999
"1327","macbook",70000,999
"1328","surface",70000,999
"1329","surface",70000,999
"1330","surface",70000,999
"1331","surface",70000,999
"1332","surface",70000,999
"1333","surface",70000,999
"1334","surface",70000,999
"1335","surface",70000,999
"1336","macbook",70000,999
"1337","surface",70000,999
"1338","surface",70000,999
"1339","surface",70000,999
"1340","macbook",70000,999
"1341","surface",70000,999
"1342","surface",70000,999
"1343","macbook",70000,999
"1344","surface",70000,999
"1345","surface",70000,999
"1346","surface",70000,999
"1347","surface",70000,999
"1348","surface",70000,999
"1349","surface",70000,999
"1350","macbook",70000,999
"1351","surface",70000,999
"1352","surface",70000,999
"1353","surface",70000,999
"1354","surface",70000,999
"1355","macbook",70000,999
"1356","surface",70000,999
"1357","surface",70000,999
"1358","macbook",70000,999
"1359","surface",70000,999
"1360","surface",70000,999
"1361","surface",70000,999
"1362","macbook",70000,999
"1363","macbook",70000,999
"1364","surface",70000,999
"1365","surface",70000,999
"1366","macbook",70000,999
"1367","surface",70000,999
"1368","surface",70000,999
"1369","surface",70000,999
"1370","macbook",70000,999
"1371","macbook",70000,999
"1372","surface",70000,999
"1373","macbook",70000,999
"1374","macbook",70000,999
"1375","surface",70000,999
"1376","surface",70000,999
"1377","surface",70000,999
"1378","surface",70000,999
"1379","macbook",70000,999
"1380","surface",70000,999
"1381","macbook",70000,999
"1382","surface",70000,999
"1383","macbook",70000,999
"1384","surface",70000,999
"1385","surface",70000,999
"1386","surface",70000,999
"1387","surface",70000,999
"1388","surface",70000,999
"1389","surface",70000,999
"1390","macbook",70000,999
"1391","surface",70000,999
"1392","surface",70000,999
"1393","surface",70000,999
"1394","surface",70000,999
"1395","surface",70000,999
"1396","surface",70000,999
"1397","surface",70000,999
"1398","macbook",70000,999
"1399","surface",70000,999
"1400","surface",70000,999
"1401","surface",70000,999
"1402","surface",70000,999
"1403","surface",70000,999
"1404","surface",70000,999
"1405","surface",70000,999
"1406","macbook",70000,999
"1407","surface",70000,999
"1408","surface",70000,999
"1409","macbook",70000,1024
"1410","surface",70000,1024
"1411","macbook",70000,1024
"1412","macbook",70000,1024
"1413","surface",70000,1024
"1414","macbook",70000,1024
"1415","macbook",70000,1024
"1416","surface",70000,1024
"1417","surface",70000,1024
"1418","macbook",70000,1024
"1419","surface",70000,1024
"1420","surface",70000,1024
"1421","macbook",70000,1024
"1422","surface",70000,1024
"1423","surface",70000,1024
"1424","surface",70000,1024
"1425","surface",70000,1024
"1426","surface",70000,1024
"1427","surface",70000,1024
"1428","surface",70000,1024
"1429","surface",70000,1024
"1430","macbook",70000,1024
"1431","surface",70000,1024
"1432","surface",70000,1024
"1433","macbook",70000,1024
"1434","surface",70000,1024
"1435","surface",70000,1024
"1436","surface",70000,1024
"1437","macbook",70000,1024
"1438","surface",70000,1024
"1439","surface",70000,1024
"1440","surface",70000,1024
"1441","macbook",70000,1024
"1442","macbook",70000,1024
"1443","macbook",70000,1024
"1444","surface",70000,1024
"1445","surface",70000,1024
"1446","macbook",70000,1024
"1447","surface",70000,1024
"1448","surface",70000,1024
"1449","macbook",70000,1024
"1450","macbook",70000,1024
"1451","macbook",70000,1024
"1452","macbook",70000,1024
"1453","surface",70000,1024
"1454","surface",70000,1024
"1455","surface",70000,1024
"1456","surface",70000,1024
"1457","surface",70000,1024
"1458","surface",70000,1024
"1459","macbook",70000,1024
"1460","surface",70000,1024
"1461","surface",70000,1024
"1462","surface",70000,1024
"1463","surface",70000,1024
"1464","surface",70000,1024
"1465","surface",70000,1024
"1466","surface",70000,1024
"1467","surface",70000,1024
"1468","surface",70000,1024
"1469","surface",70000,1024
"1470","macbook",70000,1024
"1471","surface",70000,1024
"1472","surface",70000,1024
"1473","surface",70000,1024
"1474","macbook",70000,1024
"1475","macbook",70000,1024
"1476","surface",70000,1024
"1477","macbook",70000,1024
"1478","surface",70000,1024
"1479","macbook",70000,1024
"1480","macbook",70000,1024
"1481","macbook",70000,1024
"1482","macbook",70000,1024
"1483","surface",70000,1024
"1484","surface",70000,1024
"1485","macbook",70000,1024
"1486","surface",70000,1024
"1487","macbook",70000,1024
"1488","surface",70000,1024
"1489","surface",70000,1024
"1490","surface",70000,1024
"1491","surface",70000,1024
"1492","macbook",70000,1024
"1493","surface",70000,1024
"1494","surface",70000,1024
"1495","surface",70000,1024
"1496","surface",70000,1024
"1497","macbook",70000,1024
"1498","surface",70000,1024
"1499","surface",70000,1024
"1500","surface",70000,1024
"1501","macbook",70000,1024
"1502","macbook",70000,1024
"1503","surface",70000,1024
"1504","surface",70000,1024
"1505","surface",70000,1024
"1506","surface",70000,1024
"1507","surface",70000,1024
"1508","surface",70000,1024
"1509","macbook",70000,1024
"1510","surface",70000,1024
"1511","surface",70000,1024
"1512","surface",70000,1024
"1513","surface",70000,1024
"1514","macbook",70000,1024
"1515","surface",70000,1024
"1516","surface",70000,1024
"1517","surface",70000,1024
"1518","surface",70000,1024
"1519","macbook",70000,1024
"1520","surface",70000,1024
"1521","surface",70000,1024
"1522","surface",70000,1024
"1523","surface",70000,1024
"1524","macbook",70000,1024
"1525","macbook",70000,1024
"1526","surface",70000,1024
"1527","surface",70000,1024
"1528","surface",70000,1024
"1529","surface",70000,1024
"1530","macbook",70000,1024
"1531","surface",70000,1024
"1532","macbook",70000,1024
"1533","macbook",70000,1024
"1534","surface",70000,1024
"1535","macbook",70000,1024
"1536","surface",70000,1024
"1537","surface",70000,1049
"1538","macbook",70000,1049
"1539","surface",70000,1049
"1540","surface",70000,1049
"1541","macbook",70000,1049
"1542","surface",70000,1049
"1543","surface",70000,1049
"1544","surface",70000,1049
"1545","macbook",70000,1049
"1546","macbook",70000,1049
"1547","surface",70000,1049
"1548","macbook",70000,1049
"1549","surface",70000,1049
"1550","surface",70000,1049
"1551","surface",70000,1049
"1552","surface",70000,1049
"1553","surface",70000,1049
"1554","surface",70000,1049
"1555","surface",70000,1049
"1556","macbook",70000,1049
"1557","surface",70000,1049
"1558","surface",70000,1049
"1559","surface",70000,1049
"1560","surface",70000,1049
"1561","surface",70000,1049
"1562","macbook",70000,1049
"1563","surface",70000,1049
"1564","surface",70000,1049
"1565","macbook",70000,1049
"1566","macbook",70000,1049
"1567","surface",70000,1049
"1568","macbook",70000,1049
"1569","surface",70000,1049
"1570","macbook",70000,1049
"1571","macbook",70000,1049
"1572","macbook",70000,1049
"1573","surface",70000,1049
"1574","surface",70000,1049
"1575","macbook",70000,1049
"1576","surface",70000,1049
"1577","macbook",70000,1049
"1578","macbook",70000,1049
"1579","surface",70000,1049
"1580","surface",70000,1049
"1581","macbook",70000,1049
"1582","surface",70000,1049
"1583","macbook",70000,1049
"1584","surface",70000,1049
"1585","surface",70000,1049
"1586","surface",70000,1049
"1587","surface",70000,1049
"1588","surface",70000,1049
"1589","macbook",70000,1049
"1590","macbook",70000,1049
"1591","surface",70000,1049
"1592","surface",70000,1049
"1593","macbook",70000,1049
"1594","macbook",70000,1049
"1595","surface",70000,1049
"1596","macbook",70000,1049
"1597","surface",70000,1049
"1598","surface",70000,1049
"1599","surface",70000,1049
"1600","surface",70000,1049
"1601","macbook",70000,1049
"1602","surface",70000,1049
"1603","macbook",70000,1049
"1604","surface",70000,1049
"1605","macbook",70000,1049
"1606","surface",70000,1049
"1607","surface",70000,1049
"1608","surface",70000,1049
"1609","macbook",70000,1049
"1610","surface",70000,1049
"1611","surface",70000,1049
"1612","macbook",70000,1049
"1613","surface",70000,1049
"1614","surface",70000,1049
"1615","macbook",70000,1049
"1616","surface",70000,1049
"1617","macbook",70000,1049
"1618","surface",70000,1049
"1619","surface",70000,1049
"1620","surface",70000,1049
"1621","surface",70000,1049
"1622","surface",70000,1049
"1623","surface",70000,1049
"1624","surface",70000,1049
"1625","surface",70000,1049
"1626","surface",70000,1049
"1627","surface",70000,1049
"1628","surface",70000,1049
"1629","surface",70000,1049
"1630","macbook",70000,1049
"1631","surface",70000,1049
"1632","surface",70000,1049
"1633","macbook",70000,1049
"1634","macbook",70000,1049
"1635","macbook",70000,1049
"1636","surface",70000,1049
"1637","surface",70000,1049
"1638","surface",70000,1049
"1639","surface",70000,1049
"1640","surface",70000,1049
"1641","surface",70000,1049
"1642","surface",70000,1049
"1643","surface",70000,1049
"1644","surface",70000,1049
"1645","surface",70000,1049
"1646","surface",70000,1049
"1647","surface",70000,1049
"1648","surface",70000,1049
"1649","macbook",70000,1049
"1650","surface",70000,1049
"1651","surface",70000,1049
"1652","surface",70000,1049
"1653","surface",70000,1049
"1654","surface",70000,1049
"1655","surface",70000,1049
"1656","surface",70000,1049
"1657","macbook",70000,1049
"1658","surface",70000,1049
"1659","surface",70000,1049
"1660","surface",70000,1049
"1661","surface",70000,1049
"1662","macbook",70000,1049
"1663","surface",70000,1049
"1664","surface",70000,1049
"1665","surface",70000,1074
"1666","macbook",70000,1074
"1667","surface",70000,1074
"1668","surface",70000,1074
"1669","surface",70000,1074
"1670","surface",70000,1074
"1671","surface",70000,1074
"1672","surface",70000,1074
"1673","macbook",70000,1074
"1674","macbook",70000,1074
"1675","surface",70000,1074
"1676","surface",70000,1074
"1677","surface",70000,1074
"1678","surface",70000,1074
"1679","surface",70000,1074
"1680","surface",70000,1074
"1681","surface",70000,1074
"1682","macbook",70000,1074
"1683","surface",70000,1074
"1684","macbook",70000,1074
"1685","surface",70000,1074
"1686","surface",70000,1074
"1687","macbook",70000,1074
"1688","macbook",70000,1074
"1689","surface",70000,1074
"1690","surface",70000,1074
"1691","macbook",70000,1074
"1692","macbook",70000,1074
"1693","surface",70000,1074
"1694","surface",70000,1074
"1695","surface",70000,1074
"1696","surface",70000,1074
"1697","surface",70000,1074
"1698","macbook",70000,1074
"1699","macbook",70000,1074
"1700","surface",70000,1074
"1701","surface",70000,1074
"1702","surface",70000,1074
"1703","macbook",70000,1074
"1704","surface",70000,1074
"1705","macbook",70000,1074
"1706","macbook",70000,1074
"1707","surface",70000,1074
"1708","surface",70000,1074
"1709","surface",70000,1074
"1710","macbook",70000,1074
"1711","surface",70000,1074
"1712","surface",70000,1074
"1713","surface",70000,1074
"1714","surface",70000,1074
"1715","surface",70000,1074
"1716","surface",70000,1074
"1717","surface",70000,1074
"1718","macbook",70000,1074
"1719","surface",70000,1074
"1720","surface",70000,1074
"1721","surface",70000,1074
"1722","surface",70000,1074
"1723","macbook",70000,1074
"1724","surface",70000,1074
"1725","surface",70000,1074
"1726","surface",70000,1074
"1727","surface",70000,1074
"1728","surface",70000,1074
"1729","surface",70000,1074
"1730","macbook",70000,1074
"1731","surface",70000,1074
"1732","surface",70000,1074
"1733","surface",70000,1074
"1734","surface",70000,1074
"1735","macbook",70000,1074
"1736","surface",70000,1074
"1737","macbook",70000,1074
"1738","surface",70000,1074
"1739","macbook",70000,1074
"1740","surface",70000,1074
"1741","macbook",70000,1074
"1742","surface",70000,1074
"1743","surface",70000,1074
"1744","macbook",70000,1074
"1745","macbook",70000,1074
"1746","surface",70000,1074
"1747","surface",70000,1074
"1748","macbook",70000,1074
"1749","surface",70000,1074
"1750","macbook",70000,1074
"1751","macbook",70000,1074
"1752","surface",70000,1074
"1753","surface",70000,1074
"1754","surface",70000,1074
"1755","surface",70000,1074
"1756","surface",70000,1074
"1757","macbook",70000,1074
"1758","surface",70000,1074
"1759","macbook",70000,1074
"1760","surface",70000,1074
"1761","surface",70000,1074
"1762","surface",70000,1074
"1763","surface",70000,1074
"1764","surface",70000,1074
"1765","surface",70000,1074
"1766","macbook",70000,1074
"1767","macbook",70000,1074
"1768","surface",70000,1074
"1769","surface",70000,1074
"1770","surface",70000,1074
"1771","surface",70000,1074
"1772","surface",70000,1074
"1773","surface",70000,1074
"1774","surface",70000,1074
"1775","surface",70000,1074
"1776","surface",70000,1074
"1777","macbook",70000,1074
"1778","macbook",70000,1074
"1779","surface",70000,1074
"1780","surface",70000,1074
"1781","surface",70000,1074
"1782","macbook",70000,1074
"1783","surface",70000,1074
"1784","surface",70000,1074
"1785","macbook",70000,1074
"1786","macbook",70000,1074
"1787","macbook",70000,1074
"1788","macbook",70000,1074
"1789","surface",70000,1074
"1790","surface",70000,1074
"1791","surface",70000,1074
"1792","macbook",70000,1074
"1793","surface",70000,1099
"1794","macbook",70000,1099
"1795","surface",70000,1099
"1796","surface",70000,1099
"1797","surface",70000,1099
"1798","surface",70000,1099
"1799","surface",70000,1099
"1800","surface",70000,1099
"1801","surface",70000,1099
"1802","macbook",70000,1099
"1803","macbook",70000,1099
"1804","macbook",70000,1099
"1805","surface",70000,1099
"1806","macbook",70000,1099
"1807","macbook",70000,1099
"1808","surface",70000,1099
"1809","surface",70000,1099
"1810","surface",70000,1099
"1811","surface",70000,1099
"1812","surface",70000,1099
"1813","macbook",70000,1099
"1814","surface",70000,1099
"1815","surface",70000,1099
"1816","macbook",70000,1099
"1817","surface",70000,1099
"1818","macbook",70000,1099
"1819","surface",70000,1099
"1820","macbook",70000,1099
"1821","surface",70000,1099
"1822","surface",70000,1099
"1823","surface",70000,1099
"1824","surface",70000,1099
"1825","surface",70000,1099
"1826","surface",70000,1099
"1827","surface",70000,1099
"1828","macbook",70000,1099
"1829","surface",70000,1099
"1830","surface",70000,1099
"1831","surface",70000,1099
"1832","surface",70000,1099
"1833","surface",70000,1099
"1834","surface",70000,1099
"1835","surface",70000,1099
"1836","surface",70000,1099
"1837","surface",70000,1099
"1838","macbook",70000,1099
"1839","macbook",70000,1099
"1840","surface",70000,1099
"1841","surface",70000,1099
"1842","macbook",70000,1099
"1843","surface",70000,1099
"1844","surface",70000,1099
"1845","surface",70000,1099
"1846","surface",70000,1099
"1847","macbook",70000,1099
"1848","macbook",70000,1099
"1849","surface",70000,1099
"1850","surface",70000,1099
"1851","surface",70000,1099
"1852","surface",70000,1099
"1853","surface",70000,1099
"1854","surface",70000,1099
"1855","surface",70000,1099
"1856","surface",70000,1099
"1857","surface",70000,1099
"1858","surface",70000,1099
"1859","surface",70000,1099
"1860","surface",70000,1099
"1861","macbook",70000,1099
"1862","surface",70000,1099
"1863","surface",70000,1099
"1864","surface",70000,1099
"1865","surface",70000,1099
"1866","macbook",70000,1099
"1867","macbook",70000,1099
"1868","macbook",70000,1099
"1869","surface",70000,1099
"1870","surface",70000,1099
"1871","surface",70000,1099
"1872","macbook",70000,1099
"1873","macbook",70000,1099
"1874","macbook",70000,1099
"1875","macbook",70000,1099
"1876","macbook",70000,1099
"1877","macbook",70000,1099
"1878","macbook",70000,1099
"1879","surface",70000,1099
"1880","surface",70000,1099
"1881","surface",70000,1099
"1882","macbook",70000,1099
"1883","surface",70000,1099
"1884","macbook",70000,1099
"1885","surface",70000,1099
"1886","surface",70000,1099
"1887","surface",70000,1099
"1888","surface",70000,1099
"1889","surface",70000,1099
"1890","surface",70000,1099
"1891","surface",70000,1099
"1892","surface",70000,1099
"1893","surface",70000,1099
"1894","macbook",70000,1099
"1895","surface",70000,1099
"1896","surface",70000,1099
"1897","macbook",70000,1099
"1898","surface",70000,1099
"1899","surface",70000,1099
"1900","macbook",70000,1099
"1901","surface",70000,1099
"1902","macbook",70000,1099
"1903","surface",70000,1099
"1904","surface",70000,1099
"1905","surface",70000,1099
"1906","surface",70000,1099
"1907","surface",70000,1099
"1908","surface",70000,1099
"1909","surface",70000,1099
"1910","surface",70000,1099
"1911","surface",70000,1099
"1912","surface",70000,1099
"1913","surface",70000,1099
"1914","surface",70000,1099
"1915","macbook",70000,1099
"1916","surface",70000,1099
"1917","surface",70000,1099
"1918","surface",70000,1099
"1919","surface",70000,1099
"1920","surface",70000,1099
"1921","surface",70000,1124
"1922","surface",70000,1124
"1923","surface",70000,1124
"1924","macbook",70000,1124
"1925","surface",70000,1124
"1926","macbook",70000,1124
"1927","surface",70000,1124
"1928","surface",70000,1124
"1929","surface",70000,1124
"1930","surface",70000,1124
"1931","surface",70000,1124
"1932","macbook",70000,1124
"1933","macbook",70000,1124
"1934","surface",70000,1124
"1935","surface",70000,1124
"1936","macbook",70000,1124
"1937","surface",70000,1124
"1938","macbook",70000,1124
"1939","surface",70000,1124
"1940","surface",70000,1124
"1941","surface",70000,1124
"1942","surface",70000,1124
"1943","surface",70000,1124
"1944","macbook",70000,1124
"1945","surface",70000,1124
"1946","surface",70000,1124
"1947","surface",70000,1124
"1948","surface",70000,1124
"1949","surface",70000,1124
"1950","surface",70000,1124
"1951","surface",70000,1124
"1952","surface",70000,1124
"1953","surface",70000,1124
"1954","surface",70000,1124
"1955","macbook",70000,1124
"1956","surface",70000,1124
"1957","surface",70000,1124
"1958","surface",70000,1124
"1959","surface",70000,1124
"1960","macbook",70000,1124
"1961","macbook",70000,1124
"1962","surface",70000,1124
"1963","surface",70000,1124
"1964","macbook",70000,1124
"1965","surface",70000,1124
"1966","surface",70000,1124
"1967","macbook",70000,1124
"1968","macbook",70000,1124
"1969","surface",70000,1124
"1970","macbook",70000,1124
"1971","macbook",70000,1124
"1972","surface",70000,1124
"1973","surface",70000,1124
"1974","macbook",70000,1124
"1975","macbook",70000,1124
"1976","surface",70000,1124
"1977","surface",70000,1124
"1978","surface",70000,1124
"1979","surface",70000,1124
"1980","surface",70000,1124
"1981","surface",70000,1124
"1982","surface",70000,1124
"1983","surface",70000,1124
"1984","macbook",70000,1124
"1985","macbook",70000,1124
"1986","surface",70000,1124
"1987","surface",70000,1124
"1988","surface",70000,1124
"1989","surface",70000,1124
"1990","macbook",70000,1124
"1991","macbook",70000,1124
"1992","surface",70000,1124
"1993","surface",70000,1124
"1994","surface",70000,1124
"1995","surface",70000,1124
"1996","macbook",70000,1124
"1997","surface",70000,1124
"1998","surface",70000,1124
"1999","macbook",70000,1124
"2000","surface",70000,1124
"2001","surface",70000,1124
"2002","surface",70000,1124
"2003","surface",70000,1124
"2004","surface",70000,1124
"2005","surface",70000,1124
"2006","surface",70000,1124
"2007","surface",70000,1124
"2008","surface",70000,1124
"2009","surface",70000,1124
"2010","macbook",70000,1124
"2011","macbook",70000,1124
"2012","macbook",70000,1124
"2013","surface",70000,1124
"2014","surface",70000,1124
"2015","surface",70000,1124
"2016","macbook",70000,1124
"2017","surface",70000,1124
"2018","macbook",70000,1124
"2019","macbook",70000,1124
"2020","surface",70000,1124
"2021","surface",70000,1124
"2022","surface",70000,1124
"2023","macbook",70000,1124
"2024","surface",70000,1124
"2025","surface",70000,1124
"2026","surface",70000,1124
"2027","surface",70000,1124
"2028","surface",70000,1124
"2029","surface",70000,1124
"2030","macbook",70000,1124
"2031","macbook",70000,1124
"2032","surface",70000,1124
"2033","surface",70000,1124
"2034","surface",70000,1124
"2035","surface",70000,1124
"2036","surface",70000,1124
"2037","macbook",70000,1124
"2038","surface",70000,1124
"2039","surface",70000,1124
"2040","surface",70000,1124
"2041","surface",70000,1124
"2042","surface",70000,1124
"2043","surface",70000,1124
"2044","macbook",70000,1124
"2045","surface",70000,1124
"2046","surface",70000,1124
"2047","macbook",70000,1124
"2048","surface",70000,1124
"2049","surface",70000,1149
"2050","macbook",70000,1149
"2051","surface",70000,1149
"2052","macbook",70000,1149
"2053","macbook",70000,1149
"2054","surface",70000,1149
"2055","surface",70000,1149
"2056","macbook",70000,1149
"2057","surface",70000,1149
"2058","surface",70000,1149
"2059","surface",70000,1149
"2060","surface",70000,1149
"2061","surface",70000,1149
"2062","macbook",70000,1149
"2063","surface",70000,1149
"2064","surface",70000,1149
"2065","surface",70000,1149
"2066","surface",70000,1149
"2067","macbook",70000,1149
"2068","surface",70000,1149
"2069","macbook",70000,1149
"2070","surface",70000,1149
"2071","surface",70000,1149
"2072","surface",70000,1149
"2073","surface",70000,1149
"2074","surface",70000,1149
"2075","surface",70000,1149
"2076","surface",70000,1149
"2077","macbook",70000,1149
"2078","macbook",70000,1149
"2079","surface",70000,1149
"2080","macbook",70000,1149
"2081","surface",70000,1149
"2082","surface",70000,1149
"2083","surface",70000,1149
"2084","macbook",70000,1149
"2085","surface",70000,1149
"2086","surface",70000,1149
"2087","surface",70000,1149
"2088","macbook",70000,1149
"2089","surface",70000,1149
"2090","surface",70000,1149
"2091","surface",70000,1149
"2092","surface",70000,1149
"2093","surface",70000,1149
"2094","surface",70000,1149
"2095","surface",70000,1149
"2096","macbook",70000,1149
"2097","surface",70000,1149
"2098","macbook",70000,1149
"2099","macbook",70000,1149
"2100","surface",70000,1149
"2101","surface",70000,1149
"2102","surface",70000,1149
"2103","surface",70000,1149
"2104","surface",70000,1149
"2105","macbook",70000,1149
"2106","surface",70000,1149
"2107","surface",70000,1149
"2108","surface",70000,1149
"2109","surface",70000,1149
"2110","surface",70000,1149
"2111","surface",70000,1149
"2112","macbook",70000,1149
"2113","macbook",70000,1149
"2114","macbook",70000,1149
"2115","surface",70000,1149
"2116","surface",70000,1149
"2117","macbook",70000,1149
"2118","macbook",70000,1149
"2119","surface",70000,1149
"2120","surface",70000,1149
"2121","macbook",70000,1149
"2122","surface",70000,1149
"2123","surface",70000,1149
"2124","surface",70000,1149
"2125","surface",70000,1149
"2126","surface",70000,1149
"2127","macbook",70000,1149
"2128","macbook",70000,1149
"2129","surface",70000,1149
"2130","surface",70000,1149
"2131","macbook",70000,1149
"2132","macbook",70000,1149
"2133","surface",70000,1149
"2134","surface",70000,1149
"2135","surface",70000,1149
"2136","surface",70000,1149
"2137","surface",70000,1149
"2138","macbook",70000,1149
"2139","surface",70000,1149
"2140","macbook",70000,1149
"2141","macbook",70000,1149
"2142","surface",70000,1149
"2143","surface",70000,1149
"2144","surface",70000,1149
"2145","surface",70000,1149
"2146","surface",70000,1149
"2147","macbook",70000,1149
"2148","surface",70000,1149
"2149","macbook",70000,1149
"2150","macbook",70000,1149
"2151","surface",70000,1149
"2152","surface",70000,1149
"2153","surface",70000,1149
"2154","surface",70000,1149
"2155","surface",70000,1149
"2156","surface",70000,1149
"2157","surface",70000,1149
"2158","surface",70000,1149
"2159","surface",70000,1149
"2160","surface",70000,1149
"2161","macbook",70000,1149
"2162","macbook",70000,1149
"2163","macbook",70000,1149
"2164","surface",70000,1149
"2165","surface",70000,1149
"2166","macbook",70000,1149
"2167","surface",70000,1149
"2168","surface",70000,1149
"2169","surface",70000,1149
"2170","macbook",70000,1149
"2171","surface",70000,1149
"2172","surface",70000,1149
"2173","surface",70000,1149
"2174","macbook",70000,1149
"2175","surface",70000,1149
"2176","surface",70000,1149
"2177","surface",70000,1174
"2178","macbook",70000,1174
"2179","surface",70000,1174
"2180","surface",70000,1174
"2181","surface",70000,1174
"2182","macbook",70000,1174
"2183","macbook",70000,1174
"2184","surface",70000,1174
"2185","surface",70000,1174
"2186","macbook",70000,1174
"2187","surface",70000,1174
"2188","macbook",70000,1174
"2189","surface",70000,1174
"2190","macbook",70000,1174
"2191","surface",70000,1174
"2192","surface",70000,1174
"2193","macbook",70000,1174
"2194","surface",70000,1174
"2195","surface",70000,1174
"2196","surface",70000,1174
"2197","surface",70000,1174
"2198","macbook",70000,1174
"2199","surface",70000,1174
"2200","macbook",70000,1174
"2201","surface",70000,1174
"2202","surface",70000,1174
"2203","surface",70000,1174
"2204","surface",70000,1174
"2205","surface",70000,1174
"2206","macbook",70000,1174
"2207","surface",70000,1174
"2208","macbook",70000,1174
"2209","surface",70000,1174
"2210","surface",70000,1174
"2211","surface",70000,1174
"2212","surface",70000,1174
"2213","surface",70000,1174
"2214","surface",70000,1174
"2215","macbook",70000,1174
"2216","macbook",70000,1174
"2217","macbook",70000,1174
"2218","macbook",70000,1174
"2219","macbook",70000,1174
"2220","surface",70000,1174
"2221","surface",70000,1174
"2222","surface",70000,1174
"2223","surface",70000,1174
"2224","surface",70000,1174
"2225","macbook",70000,1174
"2226","surface",70000,1174
"2227","surface",70000,1174
"2228","surface",70000,1174
"2229","surface",70000,1174
"2230","surface",70000,1174
"2231","macbook",70000,1174
"2232","surface",70000,1174
"2233","macbook",70000,1174
"2234","macbook",70000,1174
"2235","macbook",70000,1174
"2236","surface",70000,1174
"2237","surface",70000,1174
"2238","surface",70000,1174
"2239","macbook",70000,1174
"2240","surface",70000,1174
"2241","surface",70000,1174
"2242","surface",70000,1174
"2243","surface",70000,1174
"2244","surface",70000,1174
"2245","surface",70000,1174
"2246","macbook",70000,1174
"2247","surface",70000,1174
"2248","surface",70000,1174
"2249","surface",70000,1174
"2250","surface",70000,1174
"2251","macbook",70000,1174
"2252","surface",70000,1174
"2253","macbook",70000,1174
"2254","surface",70000,1174
"2255","surface",70000,1174
"2256","macbook",70000,1174
"2257","surface",70000,1174
"2258","surface",70000,1174
"2259","macbook",70000,1174
"2260","surface",70000,1174
"2261","macbook",70000,1174
"2262","surface",70000,1174
"2263","surface",70000,1174
"2264","macbook",70000,1174
"2265","surface",70000,1174
"2266","macbook",70000,1174
"2267","surface",70000,1174
"2268","surface",70000,1174
"2269","surface",70000,1174
"2270","surface",70000,1174
"2271","surface",70000,1174
"2272","macbook",70000,1174
"2273","surface",70000,1174
"2274","surface",70000,1174
"2275","surface",70000,1174
"2276","macbook",70000,1174
"2277","surface",70000,1174
"2278","surface",70000,1174
"2279","macbook",70000,1174
"2280","surface",70000,1174
"2281","surface",70000,1174
"2282","surface",70000,1174
"2283","surface",70000,1174
"2284","macbook",70000,1174
"2285","surface",70000,1174
"2286","surface",70000,1174
"2287","surface",70000,1174
"2288","surface",70000,1174
"2289","surface",70000,1174
"2290","surface",70000,1174
"2291","macbook",70000,1174
"2292","surface",70000,1174
"2293","surface",70000,1174
"2294","macbook",70000,1174
"2295","surface",70000,1174
"2296","surface",70000,1174
"2297","surface",70000,1174
"2298","surface",70000,1174
"2299","surface",70000,1174
"2300","macbook",70000,1174
"2301","macbook",70000,1174
"2302","surface",70000,1174
"2303","macbook",70000,1174
"2304","surface",70000,1174
"2305","surface",70000,1199
"2306","surface",70000,1199
"2307","surface",70000,1199
"2308","surface",70000,1199
"2309","macbook",70000,1199
"2310","surface",70000,1199
"2311","surface",70000,1199
"2312","surface",70000,1199
"2313","macbook",70000,1199
"2314","macbook",70000,1199
"2315","macbook",70000,1199
"2316","macbook",70000,1199
"2317","macbook",70000,1199
"2318","surface",70000,1199
"2319","surface",70000,1199
"2320","macbook",70000,1199
"2321","macbook",70000,1199
"2322","macbook",70000,1199
"2323","surface",70000,1199
"2324","surface",70000,1199
"2325","surface",70000,1199
"2326","surface",70000,1199
"2327","surface",70000,1199
"2328","surface",70000,1199
"2329","macbook",70000,1199
"2330","surface",70000,1199
"2331","macbook",70000,1199
"2332","surface",70000,1199
"2333","macbook",70000,1199
"2334","macbook",70000,1199
"2335","surface",70000,1199
"2336","surface",70000,1199
"2337","surface",70000,1199
"2338","macbook",70000,1199
"2339","macbook",70000,1199
"2340","macbook",70000,1199
"2341","macbook",70000,1199
"2342","macbook",70000,1199
"2343","surface",70000,1199
"2344","surface",70000,1199
"2345","macbook",70000,1199
"2346","surface",70000,1199
"2347","surface",70000,1199
"2348","surface",70000,1199
"2349","surface",70000,1199
"2350","macbook",70000,1199
"2351","macbook",70000,1199
"2352","surface",70000,1199
"2353","surface",70000,1199
"2354","surface",70000,1199
"2355","surface",70000,1199
"2356","surface",70000,1199
"2357","macbook",70000,1199
"2358","macbook",70000,1199
"2359","surface",70000,1199
"2360","macbook",70000,1199
"2361","surface",70000,1199
"2362","surface",70000,1199
"2363","macbook",70000,1199
"2364","surface",70000,1199
"2365","surface",70000,1199
"2366","surface",70000,1199
"2367","surface",70000,1199
"2368","macbook",70000,1199
"2369","macbook",70000,1199
"2370","macbook",70000,1199
"2371","macbook",70000,1199
"2372","macbook",70000,1199
"2373","macbook",70000,1199
"2374","surface",70000,1199
"2375","macbook",70000,1199
"2376","surface",70000,1199
"2377","surface",70000,1199
"2378","surface",70000,1199
"2379","surface",70000,1199
"2380","surface",70000,1199
"2381","surface",70000,1199
"2382","macbook",70000,1199
"2383","surface",70000,1199
"2384","surface",70000,1199
"2385","surface",70000,1199
"2386","macbook",70000,1199
"2387","surface",70000,1199
"2388","surface",70000,1199
"2389","surface",70000,1199
"2390","macbook",70000,1199
"2391","macbook",70000,1199
"2392","macbook",70000,1199
"2393","surface",70000,1199
"2394","surface",70000,1199
"2395","surface",70000,1199
"2396","macbook",70000,1199
"2397","surface",70000,1199
"2398","surface",70000,1199
"2399","surface",70000,1199
"2400","surface",70000,1199
"2401","surface",70000,1199
"2402","surface",70000,1199
"2403","surface",70000,1199
"2404","surface",70000,1199
"2405","surface",70000,1199
"2406","macbook",70000,1199
"2407","surface",70000,1199
"2408","surface",70000,1199
"2409","surface",70000,1199
"2410","surface",70000,1199
"2411","macbook",70000,1199
"2412","surface",70000,1199
"2413","macbook",70000,1199
"2414","macbook",70000,1199
"2415","surface",70000,1199
"2416","surface",70000,1199
"2417","macbook",70000,1199
"2418","macbook",70000,1199
"2419","surface",70000,1199
"2420","surface",70000,1199
"2421","surface",70000,1199
"2422","surface",70000,1199
"2423","surface",70000,1199
"2424","macbook",70000,1199
"2425","macbook",70000,1199
"2426","surface",70000,1199
"2427","surface",70000,1199
"2428","surface",70000,1199
"2429","surface",70000,1199
"2430","surface",70000,1199
"2431","surface",70000,1199
"2432","macbook",70000,1199
"2433","surface",70000,1224
"2434","surface",70000,1224
"2435","surface",70000,1224
"2436","macbook",70000,1224
"2437","surface",70000,1224
"2438","surface",70000,1224
"2439","surface",70000,1224
"2440","surface",70000,1224
"2441","surface",70000,1224
"2442","surface",70000,1224
"2443","surface",70000,1224
"2444","macbook",70000,1224
"2445","macbook",70000,1224
"2446","surface",70000,1224
"2447","macbook",70000,1224
"2448","surface",70000,1224
"2449","surface",70000,1224
"2450","macbook",70000,1224
"2451","surface",70000,1224
"2452","surface",70000,1224
"2453","surface",70000,1224
"2454","surface",70000,1224
"2455","macbook",70000,1224
"2456","macbook",70000,1224
"2457","surface",70000,1224
"2458","surface",70000,1224
"2459","surface",70000,1224
"2460","macbook",70000,1224
"2461","macbook",70000,1224
"2462","surface",70000,1224
"2463","surface",70000,1224
"2464","macbook",70000,1224
"2465","macbook",70000,1224
"2466","surface",70000,1224
"2467","surface",70000,1224
"2468","surface",70000,1224
"2469","macbook",70000,1224
"2470","macbook",70000,1224
"2471","surface",70000,1224
"2472","macbook",70000,1224
"2473","macbook",70000,1224
"2474","surface",70000,1224
"2475","surface",70000,1224
"2476","surface",70000,1224
"2477","surface",70000,1224
"2478","surface",70000,1224
"2479","surface",70000,1224
"2480","macbook",70000,1224
"2481","macbook",70000,1224
"2482","surface",70000,1224
"2483","surface",70000,1224
"2484","macbook",70000,1224
"2485","surface",70000,1224
"2486","surface",70000,1224
"2487","surface",70000,1224
"2488","surface",70000,1224
"2489","macbook",70000,1224
"2490","surface",70000,1224
"2491","surface",70000,1224
"2492","surface",70000,1224
"2493","macbook",70000,1224
"2494","surface",70000,1224
"2495","surface",70000,1224
"2496","surface",70000,1224
"2497","macbook",70000,1224
"2498","surface",70000,1224
"2499","macbook",70000,1224
"2500","macbook",70000,1224
"2501","macbook",70000,1224
"2502","surface",70000,1224
"2503","macbook",70000,1224
"2504","macbook",70000,1224
"2505","macbook",70000,1224
"2506","surface",70000,1224
"2507","surface",70000,1224
"2508","surface",70000,1224
"2509","macbook",70000,1224
"2510","macbook",70000,1224
"2511","surface",70000,1224
"2512","macbook",70000,1224
"2513","surface",70000,1224
"2514","surface",70000,1224
"2515","surface",70000,1224
"2516","surface",70000,1224
"2517","surface",70000,1224
"2518","surface",70000,1224
"2519","surface",70000,1224
"2520","surface",70000,1224
"2521","macbook",70000,1224
"2522","surface",70000,1224
"2523","surface",70000,1224
"2524","surface",70000,1224
"2525","surface",70000,1224
"2526","surface",70000,1224
"2527","surface",70000,1224
"2528","macbook",70000,1224
"2529","surface",70000,1224
"2530","surface",70000,1224
"2531","surface",70000,1224
"2532","macbook",70000,1224
"2533","surface",70000,1224
"2534","surface",70000,1224
"2535","surface",70000,1224
"2536","macbook",70000,1224
"2537","surface",70000,1224
"2538","surface",70000,1224
"2539","surface",70000,1224
"2540","surface",70000,1224
"2541","surface",70000,1224
"2542","surface",70000,1224
"2543","surface",70000,1224
"2544","surface",70000,1224
"2545","surface",70000,1224
"2546","surface",70000,1224
"2547","macbook",70000,1224
"2548","macbook",70000,1224
"2549","macbook",70000,1224
"2550","macbook",70000,1224
"2551","surface",70000,1224
"2552","surface",70000,1224
"2553","macbook",70000,1224
"2554","macbook",70000,1224
"2555","macbook",70000,1224
"2556","surface",70000,1224
"2557","surface",70000,1224
"2558","surface",70000,1224
"2559","surface",70000,1224
"2560","macbook",70000,1224
